{
  "__comment__": {
    "description": "This file contains the ground-truth camera parameters from Blender.",
    "intrinsic_formula": {
      "fx": "fx = focal_length_mm / sensor_width_mm  * resolution_x_px",
      "fy": "fy = focal_length_mm / sensor_height_mm * resolution_y_px",
      "cx": "cx = resolution_x_px / 2",
      "cy": "cy = resolution_y_px / 2"
    },
    "values_used": {
      "focal_length_mm": 50,
      "sensor_width_mm": 36,
      "sensor_height_mm": 24,
      "resolution_x_px": 1280,
      "resolution_y_px": 720
    },
    "calculated_intrinsics": {
      "fx": 1777.78,
      "fy": 1500.0,
      "cx": 640,
      "cy": 360
    }
  },

  "intrinsics": {
    "fx": 1777.78,
    "fy": 1500.0,
    "cx": 640,
    "cy": 360,
    "resolution": [1280, 720],
    "sensor": {
      "width_mm": 36.0,
      "height_mm": 24.0,
      "focal_length_mm": 50.0
    }
  },

  "extrinsics": {
    "Camera_Center": {
      "R": [
        [0.01717423088848591, -0.0025834671687334776, 0.09848030656576157],
        [0.09851163625717163, 0.0011705455835908651, -0.01714898645877838],
        [-0.0007097185589373112, 0.09995976835489273, 0.002746047917753458]
      ],
      "T": [20.67029571533203, -7.432429313659668, 11.072089195251465]
    },

    "Camera_Down1": {
      "R": [
        [0.01717423088848591, -0.0025834671687334776, 0.09848030656576157],
        [0.09851163625717163, 0.0011705455835908651, -0.01714898645877838],
        [-0.0007097185589373112, 0.09995976835489273, 0.002746047917753458]
      ],
      "T": [20.676753997802734, -7.4353556632995605, 10.822190284729004]
    },

    "Camera_Down2": {
      "R": [
        [0.01717423088848591, -0.0025834671687334776, 0.09848030656576157],
        [0.09851163625717163, 0.0011705455835908651, -0.01714898645877838],
        [-0.0007097185589373112, 0.09995976835489273, 0.002746047917753458]
      ],
      "T": [20.68321418762207, -7.438282012939453, 10.572290420532227]
    },

    "Camera_Down3": {
      "R": [
        [0.01717423088848591, -0.0025834671687334776, 0.09848030656576157],
        [0.09851163625717163, 0.0011705455835908651, -0.01714898645877838],
        [-0.0007097185589373112, 0.09995976835489273, 0.002746047917753458]
      ],
      "T": [20.689672470092773, -7.441208362579346, 10.322391510009766]
    },

    "Camera_Left1": {
      "R": [
        [0.01717423088848591, -0.0025834671687334776, 0.09848030656576157],
        [0.09851163625717163, 0.0011705455835908651, -0.01714898645877838],
        [-0.0007097185589373112, 0.09995976835489273, 0.002746047917753458]
      ],
      "T": [20.62735939025879, -7.678708553314209, 11.07386302947998]
    },

    "Camera_Left2": {
      "R": [
        [0.01717423088848591, -0.0025834671687334776, 0.09848030656576157],
        [0.09851163625717163, 0.0011705455835908651, -0.01714898645877838],
        [-0.0007097185589373112, 0.09995976835489273, 0.002746047917753458]
      ],
      "T": [20.58442497253418, -7.924987316131592, 11.075637817382812]
    },

    "Camera_Left3": {
      "R": [
        [0.01717423088848591, -0.0025834671687334776, 0.09848030656576157],
        [0.09851163625717163, 0.0011705455835908651, -0.01714898645877838],
        [-0.0007097185589373112, 0.09995976835489273, 0.002746047917753458]
      ],
      "T": [20.541488647460938, -8.171266555786133, 11.077411651611328]
    },

    "Camera_Right1": {
      "R": [
        [0.01717423088848591, -0.0025834671687334776, 0.09848030656576157],
        [0.09851163625717163, 0.0011705455835908651, -0.01714898645877838],
        [-0.0007097185589373112, 0.09995976835489273, 0.002746047917753458]
      ],
      "T": [20.713232040405273, -7.186150074005127, 11.07031536102295]
    },

    "Camera_Right2": {
      "R": [
        [0.01717423088848591, -0.0025834671687334776, 0.09848030656576157],
        [0.09851163625717163, 0.0011705455835908651, -0.01714898645877838],
        [-0.0007097185589373112, 0.09995976835489273, 0.002746047917753458]
      ],
      "T": [20.756166458129883, -6.939871311187744, 11.068540573120117]
    },

    "Camera_Right3": {
      "R": [
        [0.01717423088848591, -0.0025834671687334776, 0.09848030656576157],
        [0.09851163625717163, 0.0011705455835908651, -0.01714898645877838],
        [-0.0007097185589373112, 0.09995976835489273, 0.002746047917753458]
      ],
      "T": [20.799102783203125, -6.693592071533203, 11.066766738891602]
    },

    "Camera_Up1": {
      "R": [
        [0.01717423088848591, -0.0025834671687334776, 0.09848030656576157],
        [0.09851163625717163, 0.0011705455835908651, -0.01714898645877838],
        [-0.0007097185589373112, 0.09995976835489273, 0.002746047917753458]
      ],
      "T": [20.663837432861328, -7.429502964019775, 11.321989059448242]
    },

    "Camera_Up2": {
      "R": [
        [0.01717423088848591, -0.0025834671687334776, 0.09848030656576157],
        [0.09851163625717163, 0.0011705455835908651, -0.01714898645877838],
        [-0.0007097185589373112, 0.09995976835489273, 0.002746047917753458]
      ],
      "T": [20.657379150390625, -7.426576614379883, 11.571887969970703]
    },

    "Camera_Up3": {
      "R": [
        [0.01717423088848591, -0.0025834671687334776, 0.09848030656576157],
        [0.09851163625717163, 0.0011705455835908651, -0.01714898645877838],
        [-0.0007097185589373112, 0.09995976835489273, 0.002746047917753458]
      ],
      "T": [20.650920867919922, -7.42365026473999, 11.82178783416748]
    }
  }
}
