{
  "Center": {
    "rotationMatrix": [
      [
        1.0,
        0.0,
        0.0
      ],
      [
        0.0,
        1.0,
        0.0
      ],
      [
        0.0,
        0.0,
        1.0
      ]
    ],
    "translationVector": [
      0.0,
      0.0,
      0.0
    ]
  },
  "Up1": {
    "rotationMatrix": [
      [
        0.9998770952224731,
        0.006860330700874329,
        0.014096987433731556
      ],
      [
        -0.006899834144860506,
        0.999972403049469,
        0.0027561779133975506
      ],
      [
        -0.014077694155275822,
        -0.0028531020507216454,
        0.999896764755249
      ]
    ],
    "translationVector": [
      0.09758758544921875,
      0.1298379898071289,
      -0.006066322326660156
    ]
  },
  "Up2": {
    "rotationMatrix": [
      [
        0.9998869895935059,
        0.006029747426509857,
        -0.01377502828836441
      ],
      [
        -0.006045129150152206,
        0.9999812245368958,
        -0.001081391703337431
      ],
      [
        0.013768315315246582,
        0.0011644840706139803,
        0.9999046325683594
      ]
    ],
    "translationVector": [
      -0.18822383880615234,
      0.07859468460083008,
      -0.7289934158325195
    ]
  },
  "Up3": {
    "rotationMatrix": [
      [
        0.9999778866767883,
        0.006053697317838669,
        0.0027629456017166376
      ],
      [
        -0.006016513332724571,
        0.999894380569458,
        -0.013240555301308632
      ],
      [
        -0.00284271826967597,
        0.013223564252257347,
        0.9999085664749146
      ]
    ],
    "translationVector": [
      -0.027935028076171875,
      -0.04607820510864258,
      -0.7884979248046875
    ]
  },
  "Down1": {
    "rotationMatrix": [
      [
        0.9999151229858398,
        0.011224109679460526,
        0.006614643149077892
      ],
      [
        -0.011205482296645641,
        0.999933123588562,
        -0.0028409543447196484
      ],
      [
        -0.006646054331213236,
        0.002766563091427088,
        0.9999741315841675
      ]
    ],
    "translationVector": [
      0.0059757232666015625,
      0.14956140518188477,
      0.3434123992919922
    ]
  },
  "Down2": {
    "rotationMatrix": [
      [
        0.9999709725379944,
        -0.0005176381673663855,
        0.007594523951411247
      ],
      [
        0.000506717711687088,
        0.9999987483024597,
        0.0014351173304021358
      ],
      [
        -0.0075953020714223385,
        -0.0014311950653791428,
        0.999970018863678
      ]
    ],
    "translationVector": [
      0.08928203582763672,
      0.011394977569580078,
      0.6349830627441406
    ]
  },
  "Down3": {
    "rotationMatrix": [
      [
        0.9998587369918823,
        -0.0043717618100345135,
        0.016226189211010933
      ],
      [
        0.004487792029976845,
        0.9999645352363586,
        -0.007122242357581854
      ],
      [
        -0.016194485127925873,
        0.0071940659545362,
        0.9998429417610168
      ]
    ],
    "translationVector": [
      0.2191324234008789,
      -0.14066791534423828,
      0.9640512466430664
    ]
  },
  "Left1": {
    "rotationMatrix": [
      [
        0.9997943043708801,
        0.016535300761461258,
        -0.011734765954315662
      ],
      [
        -0.01671791635453701,
        0.9997379183769226,
        -0.015634754672646523
      ],
      [
        0.011473097838461399,
        0.01582777500152588,
        0.9998087882995605
      ]
    ],
    "translationVector": [
      -0.2668571472167969,
      0.3516068458557129,
      -0.2911643981933594
    ]
  },
  "Left2": {
    "rotationMatrix": [
      [
        0.9996420741081238,
        0.024736503139138222,
        0.010193302296102047
      ],
      [
        -0.024509858340024948,
        0.9994620680809021,
        -0.021789083257317543
      ],
      [
        -0.01072680577635765,
        0.021531445905566216,
        0.9997105598449707
      ]
    ],
    "translationVector": [
      -0.14092063903808594,
      0.6637763977050781,
      0.028730392456054688
    ]
  },
  "Left3": {
    "rotationMatrix": [
      [
        0.9997569918632507,
        0.01868625544011593,
        0.011696282774209976
      ],
      [
        -0.018593836575746536,
        0.9997953772544861,
        -0.007961178198456764
      ],
      [
        -0.011842666193842888,
        0.007741773035377264,
        0.9998998641967773
      ]
    ],
    "translationVector": [
      -0.12466049194335938,
      0.958043098449707,
      0.13398456573486328
    ]
  },
  "Right1": {
    "rotationMatrix": [
      [
        0.9999895095825195,
        0.0038050576113164425,
        0.0025426228530704975
      ],
      [
        -0.0038065901026129723,
        0.9999925494194031,
        0.0006059920415282249
      ],
      [
        -0.0025403029285371304,
        -0.0006156601011753082,
        0.999996542930603
      ]
    ],
    "translationVector": [
      0.044261932373046875,
      -0.17962360382080078,
      0.04635810852050781
    ]
  },
  "Right2": {
    "rotationMatrix": [
      [
        0.9996497631072998,
        0.025373412296175957,
        0.007521236315369606
      ],
      [
        -0.02531646005809307,
        0.999650776386261,
        -0.007575585972517729
      ],
      [
        -0.007710827514529228,
        0.007382523268461227,
        0.99994295835495
      ]
    ],
    "translationVector": [
      -0.0003528594970703125,
      -0.16251087188720703,
      0.07785701751708984
    ]
  },
  "Right3": {
    "rotationMatrix": [
      [
        0.9998244047164917,
        0.013487031683325768,
        -0.013002993538975716
      ],
      [
        -0.01364998146891594,
        0.9998283982276917,
        -0.01252073235809803
      ],
      [
        0.012831848114728928,
        0.01269606500864029,
        0.9998369812965393
      ]
    ],
    "translationVector": [
      -0.09178352355957031,
      -0.6515774726867676,
      -0.28482627868652344
    ]
  }
}