{
  "Camera_Center": {
    "rotationMatrix": [
      [
        0.018320901319384575,
        -0.002512420294806361,
        0.09827528148889542
      ],
      [
        -0.0982976034283638,
        -0.0018791778711602092,
        0.018277019262313843
      ],
      [
        0.0013875719159841537,
        -0.09995076060295105,
        -0.0028139313217252493
      ]
    ],
    "translationVector": [
      15.942914009094238,
      6.543472766876221,
      -10.190194129943848
    ]
  },
  "Camera_Down1": {
    "rotationMatrix": [
      [
        0.017225226387381554,
        -0.0031944625079631805,
        0.09845346957445145
      ],
      [
        -0.09850028157234192,
        -0.0015669602435082197,
        0.017182573676109314
      ],
      [
        0.000993835972622037,
        -0.09993667900562286,
        -0.003416466759517789
      ]
    ],
    "translationVector": [
      15.953577041625977,
      6.542898178100586,
      -9.934372901916504
    ]
  },
  "Camera_Down2": {
    "rotationMatrix": [
      [
        0.018381789326667786,
        -0.0032704726327210665,
        0.09824160486459732
      ],
      [
        -0.0982862263917923,
        -0.00202388409525156,
        0.018322760239243507
      ],
      [
        0.0013890552800148726,
        -0.09992600977420807,
        -0.003586449893191457
      ]
    ],
    "translationVector": [
      15.950956344604492,
      6.548314094543457,
      -9.685361862182617
    ]
  },
  "Camera_Down3": {
    "rotationMatrix": [
      [
        0.018770551308989525,
        -0.004125689622014761,
        0.09813585132360458
      ],
      [
        -0.0982217937707901,
        -0.0011785202659666538,
        0.018737446516752243
      ],
      [
        0.0003835021343547851,
        -0.09990790486335754,
        -0.004273541271686554
      ]
    ],
    "translationVector": [
      15.965839385986328,
      6.546698093414307,
      -9.43565559387207
    ]
  },
  "Camera_Left1": {
    "rotationMatrix": [
      [
        0.01667545922100544,
        -0.001370080979540944,
        0.09859032183885574
      ],
      [
        -0.09859983623027802,
        -0.0002739751944318414,
        0.016673263162374496
      ],
      [
        4.16759867221117e-05,
        -0.09999024122953415,
        -0.0013965844409540296
      ]
    ],
    "translationVector": [
      15.900554656982422,
      6.786153793334961,
      -10.192927360534668
    ]
  },
  "Camera_Left2": {
    "rotationMatrix": [
      [
        0.01589694619178772,
        -0.00357684469781816,
        0.09866353869438171
      ],
      [
        -0.09872401505708694,
        0.00036123977042734623,
        0.01591978594660759
      ],
      [
        -0.0009258377249352634,
        -0.09993535280227661,
        -0.003473778488114476
      ]
    ],
    "translationVector": [
      15.854277610778809,
      7.035005569458008,
      -10.188640594482422
    ]
  },
  "Camera_Left3": {
    "rotationMatrix": [
      [
        0.01649586483836174,
        -0.003715996630489826,
        0.09856002032756805
      ],
      [
        -0.09862920641899109,
        -0.0010363523615524173,
        0.016468366608023643
      ],
      [
        0.00040946525405161083,
        -0.09992555528879166,
        -0.0038360129110515118
      ]
    ],
    "translationVector": [
      15.817464828491211,
      7.284862995147705,
      -10.193337440490723
    ]
  },
  "Camera_Right1": {
    "rotationMatrix": [
      [
        0.017950203269720078,
        -0.0027737037744373083,
        0.09833664447069168
      ],
      [
        -0.09836578369140625,
        -0.0019301713909953833,
        0.01790107786655426
      ],
      [
        0.0014015429187566042,
        -0.0999428853392601,
        -0.003074845066294074
      ]
    ],
    "translationVector": [
      15.985997200012207,
      6.296936988830566,
      -10.188328742980957
    ]
  },
  "Camera_Right2": {
    "rotationMatrix": [
      [
        0.01583077758550644,
        -0.0033109919168055058,
        0.0986834466457367
      ],
      [
        -0.09873761236667633,
        -0.0010577337816357613,
        0.015803977847099304
      ],
      [
        0.0005205398192629218,
        -0.09993956983089447,
        -0.0034366417676210403
      ]
    ],
    "translationVector": [
      16.026365280151367,
      6.052255630493164,
      -10.186381340026855
    ]
  },
  "Camera_Right3": {
    "rotationMatrix": [
      [
        0.016973890364170074,
        -0.0012376767117530107,
        0.09854114055633545
      ],
      [
        -0.09854820370674133,
        -0.0005931036430411041,
        0.0169676560908556
      ],
      [
        0.0003744464193005115,
        -0.09999058395624161,
        -0.0013203807175159454
      ]
    ],
    "translationVector": [
      16.0690860748291,
      5.800740718841553,
      -10.18570613861084
    ]
  },
  "Camera_Up1": {
    "rotationMatrix": [
      [
        0.01766386441886425,
        -0.003934016451239586,
        0.09834893047809601
      ],
      [
        -0.0984174832701683,
        -0.0021372800692915916,
        0.017590684816241264
      ],
      [
        0.001409971620887518,
        -0.09989972412586212,
        -0.004249285906553268
      ]
    ],
    "translationVector": [
      15.939781188964844,
      6.535040378570557,
      -10.43831729888916
    ]
  },
  "Camera_Up2": {
    "rotationMatrix": [
      [
        0.01770702563226223,
        -0.0011466643773019314,
        0.0984131470322609
      ],
      [
        -0.09840800613164902,
        -0.001755894161760807,
        0.017685644328594208
      ],
      [
        0.0015252355951815844,
        -0.0999780148267746,
        -0.0014393263263627887
      ]
    ],
    "translationVector": [
      15.932713508605957,
      6.536587238311768,
      -10.691088676452637
    ]
  },
  "Camera_Up3": {
    "rotationMatrix": [
      [
        0.01772928796708584,
        -0.002799925161525607,
        0.09837598353624344
      ],
      [
        -0.098415806889534,
        -0.0005404860712587833,
        0.017721083015203476
      ],
      [
        3.553135320544243e-05,
        -0.09995932877063751,
        -0.0028513933066278696
      ]
    ],
    "translationVector": [
      15.9260835647583,
      6.535706520080566,
      -10.936553955078125
    ]
  }
}