{
  "meta": {
    "runType": "initial",
    "numPoses": 12,
    "imageDir": "imageset1",
    "cameraIds": [
      "Center",
      "Up1",
      "Up2",
      "Up3",
      "Down1",
      "Down2",
      "Down3",
      "Left1",
      "Left2",
      "Left3",
      "Right1",
      "Right2",
      "Right3"
    ],
    "bundleAdjust": true
  },
  "state": {
    "intrinsics": {
      "Center": {
        "cameraMatrix": [
          [
            1675.3294889894876,
            0.0,
            649.1754311562977
          ],
          [
            0.0,
            1676.1429673557398,
            357.90571956648904
          ],
          [
            0.0,
            0.0,
            1.0
          ]
        ],
        "distortionCoeffs": [
          [
            -0.0993116357280947,
            1.7141911496941524,
            -0.0026043806368360903,
            0.0056447515328405945,
            -12.054054390831118
          ]
        ],
        "reprojectionError": 0.22333155706837754
      },
      "Up1": {
        "cameraMatrix": [
          [
            1659.4031494829799,
            0.0,
            660.2653585913773
          ],
          [
            0.0,
            1660.7123948070766,
            364.3090802661634
          ],
          [
            0.0,
            0.0,
            1.0
          ]
        ],
        "distortionCoeffs": [
          [
            -0.11881222502688175,
            1.9036925825787099,
            -0.001118829646340177,
            0.0075937954961759835,
            -12.819431991594165
          ]
        ],
        "reprojectionError": 0.2442571596599839
      },
      "Up2": {
        "cameraMatrix": [
          [
            1659.2841137190226,
            0.0,
            657.0600846294275
          ],
          [
            0.0,
            1660.426954929187,
            420.278385321595
          ],
          [
            0.0,
            0.0,
            1.0
          ]
        ],
        "distortionCoeffs": [
          [
            -0.1725018198267925,
            2.9392075334902255,
            0.0087850471584054,
            0.007116446434598739,
            -19.188769904963312
          ]
        ],
        "reprojectionError": 0.26471087434520235
      },
      "Up3": {
        "cameraMatrix": [
          [
            1627.93132490067,
            0.0,
            658.7747099588948
          ],
          [
            0.0,
            1630.0125395541645,
            432.78032708736197
          ],
          [
            0.0,
            0.0,
            1.0
          ]
        ],
        "distortionCoeffs": [
          [
            -0.19217048271959658,
            3.0813646587881003,
            0.01037230057794844,
            0.00755584484695259,
            -19.559359683740734
          ]
        ],
        "reprojectionError": 0.32015466846478363
      },
      "Down1": {
        "cameraMatrix": [
          [
            1677.6101014338547,
            0.0,
            628.7493946572857
          ],
          [
            0.0,
            1676.4565326727486,
            385.4458268605357
          ],
          [
            0.0,
            0.0,
            1.0
          ]
        ],
        "distortionCoeffs": [
          [
            -0.045571851654904925,
            -0.07095824364419026,
            0.00188580137760878,
            0.0026670517262030223,
            0.3707218642214944
          ]
        ],
        "reprojectionError": 0.2094955501186899
      },
      "Down2": {
        "cameraMatrix": [
          [
            1683.9164268544182,
            0.0,
            619.7018958924373
          ],
          [
            0.0,
            1683.3715101366804,
            379.1092064342632
          ],
          [
            0.0,
            0.0,
            1.0
          ]
        ],
        "distortionCoeffs": [
          [
            -0.03795931117130397,
            -0.1410815215645842,
            0.0009073101555420355,
            0.0008870651016567903,
            0.7770362032575208
          ]
        ],
        "reprojectionError": 0.17912222768266226
      },
      "Down3": {
        "cameraMatrix": [
          [
            1705.8358486854565,
            0.0,
            621.8859046742302
          ],
          [
            0.0,
            1703.286121090694,
            378.27644903318946
          ],
          [
            0.0,
            0.0,
            1.0
          ]
        ],
        "distortionCoeffs": [
          [
            -0.03533778245100824,
            -0.07146566630181131,
            0.0008438068817320936,
            0.0009200599437733997,
            0.4134610959581978
          ]
        ],
        "reprojectionError": 0.16608154541235678
      },
      "Left1": {
        "cameraMatrix": [
          [
            1657.0351955336212,
            0.0,
            598.8992823661628
          ],
          [
            0.0,
            1653.5779921698324,
            372.2213716647859
          ],
          [
            0.0,
            0.0,
            1.0
          ]
        ],
        "distortionCoeffs": [
          [
            -0.09114070295752869,
            0.2936711008254998,
            0.0017347577923238953,
            -0.0003874067982551892,
            -0.33266229798723446
          ]
        ],
        "reprojectionError": 0.22917598674071568
      },
      "Left2": {
        "cameraMatrix": [
          [
            1660.1004397815047,
            0.0,
            597.1059655812016
          ],
          [
            0.0,
            1657.2314142338937,
            377.5204851771008
          ],
          [
            0.0,
            0.0,
            1.0
          ]
        ],
        "distortionCoeffs": [
          [
            -0.1268914350105087,
            0.6991758538757268,
            0.000948243331282265,
            0.00022142058704391644,
            -1.641651568660847
          ]
        ],
        "reprojectionError": 0.22734381726756206
      },
      "Left3": {
        "cameraMatrix": [
          [
            1685.391979941954,
            0.0,
            603.799637708104
          ],
          [
            0.0,
            1682.4547890696674,
            371.0263508676171
          ],
          [
            0.0,
            0.0,
            1.0
          ]
        ],
        "distortionCoeffs": [
          [
            -0.1138641938659957,
            0.6858701174158419,
            0.0007616044711951914,
            0.00023381701228811976,
            -1.6461779386890165
          ]
        ],
        "reprojectionError": 0.18931789349427133
      },
      "Right1": {
        "cameraMatrix": [
          [
            1644.9604500582893,
            0.0,
            614.4895206582136
          ],
          [
            0.0,
            1642.480290020164,
            356.01260928246796
          ],
          [
            0.0,
            0.0,
            1.0
          ]
        ],
        "distortionCoeffs": [
          [
            -0.09967742445182083,
            1.2318988477647932,
            -0.0018950793083888787,
            0.000723597715243922,
            -8.113329447056064
          ]
        ],
        "reprojectionError": 0.2985617931487086
      },
      "Right2": {
        "cameraMatrix": [
          [
            1523.2151529357604,
            0.0,
            595.8062565333084
          ],
          [
            0.0,
            1518.4243150959348,
            372.84580500931247
          ],
          [
            0.0,
            0.0,
            1.0
          ]
        ],
        "distortionCoeffs": [
          [
            -0.08601995334036179,
            0.19086117046410403,
            0.0007467915655658668,
            0.0035688044764519283,
            -0.7407526216170394
          ]
        ],
        "reprojectionError": 0.7054673105764903
      },