{
  "meta": {
    "runType": "initial",
    "numPoses": 23,
    "imageDir": "imageset2",
    "cameraIds": [
      "Center",
      "Up1",
      "Up2",
      "Up3",
      "Down1",
      "Down2",
      "Down3",
      "Left1",
      "Left2",
      "Left3",
      "Right1",
      "Right2",
      "Right3"
    ]
  },
  "state": {
    "intrinsics": {
      "Center": {
        "cameraMatrix": [
          [
            1778.9278432054411,
            0.0,
            638.7928557604852
          ],
          [
            0.0,
            1778.8603831978742,
            358.84284599872234
          ],
          [
            0.0,
            0.0,
            1.0
          ]
        ],
        "distortionCoeffs": [
          [
            -0.003196595444736189,
            0.15234781280854182,
            -9.330294188309843e-05,
            0.00011275477732922018,
            -1.2692265140589751
          ]
        ],
        "reprojectionError": 0.032834197346791764
      },
      "Up1": {
        "cameraMatrix": [
          [
            1778.0006921773056,
            0.0,
            640.619592065196
          ],
          [
            0.0,
            1778.0860437752578,
            355.68183254779876
          ],
          [
            0.0,
            0.0,
            1.0
          ]
        ],
        "distortionCoeffs": [
          [
            0.004418271647632917,
            -0.0835767794105181,
            -0.001033477537904177,
            0.00022824034009913697,
            0.6481297270574631
          ]
        ],
        "reprojectionError": 0.033183194443933015
      },
      "Up2": {
        "cameraMatrix": [
          [
            1777.4745028793884,
            0.0,
            639.3575196325087
          ],
          [
            0.0,
            1777.4950842946569,
            359.7644455745654
          ],
          [
            0.0,
            0.0,
            1.0
          ]
        ],
        "distortionCoeffs": [
          [
            -0.003982046505021373,
            0.1290635531660515,
            1.3427067489059057e-05,
            -0.0001614410249398137,
            -0.923233237749075
          ]
        ],
        "reprojectionError": 0.03334175660091956
      },
      "Up3": {
        "cameraMatrix": [
          [
            1779.3111853436117,
            0.0,
            640.3635985992644
          ],
          [
            0.0,
            1779.655202577417,
            359.5756655061386
          ],
          [
            0.0,
            0.0,
            1.0
          ]
        ],
        "distortionCoeffs": [
          [
            0.008688874019509555,
            -0.1299353414044001,
            -0.00021150212211269116,
            0.00011804972022465167,
            0.7635063163800697
          ]
        ],
        "reprojectionError": 0.03332835067137188
      },
      "Down1": {
        "cameraMatrix": [
          [
            1778.4759924281825,
            0.0,
            640.3123372003861
          ],
          [
            0.0,
            1778.659168973575,
            359.52352044568374
          ],
          [
            0.0,
            0.0,
            1.0
          ]
        ],
        "distortionCoeffs": [
          [
            0.0036200076821295856,
            0.007254732549060049,
            0.00019372142939089735,
            0.00011243501006216742,
            -0.5224840907805668
          ]
        ],
        "reprojectionError": 0.03189304907718864
      },
      "Down2": {
        "cameraMatrix": [
          [
            1778.0554466843212,
            0.0,
            639.3071187421838
          ],
          [
            0.0,
            1778.141895564609,
            361.7155223809525
          ],
          [
            0.0,
            0.0,
            1.0
          ]
        ],
        "distortionCoeffs": [
          [
            -0.002160812375179163,
            0.04159072846405512,
            0.0004936859180669485,
            5.6060822074409876e-05,
            -0.2860476758531466
          ]
        ],
        "reprojectionError": 0.032838244285854655
      },
      "Down3": {
        "cameraMatrix": [
          [
            1779.1909054101473,
            0.0,
            639.0033227303593
          ],
          [
            0.0,
            1779.1809658600712,
            360.449761022375
          ],
          [
            0.0,
            0.0,
            1.0
          ]
        ],
        "distortionCoeffs": [
          [
            0.004363036695458198,
            -0.057249708989903954,
            0.0002844695036812558,
            -0.00013613045085150634,
            0.3112543923091397
          ]
        ],
        "reprojectionError": 0.03253410569106519
      },
      "Left1": {
        "cameraMatrix": [
          [
            1777.2609731693274,
            0.0,
            640.5122327403103
          ],
          [
            0.0,
            1777.2695773991977,
            358.45184288729496
          ],
          [
            0.0,
            0.0,
            1.0
          ]
        ],
        "distortionCoeffs": [
          [
            -0.003679217880993686,
            0.041052060079806704,
            -4.172939471911993e-05,
            0.0002205109205422618,
            -0.15248776068278697
          ]
        ],
        "reprojectionError": 0.03272159091644898
      },
      "Left2": {
        "cameraMatrix": [
          [
            1778.1357997745527,
            0.0,
            637.2512477944389
          ],
          [
            0.0,
            1778.065795180772,
            359.5678348396715
          ],
          [
            0.0,
            0.0,
            1.0
          ]
        ],
        "distortionCoeffs": [
          [
            0.00033641749725667235,
            0.014634475392476629,
            -0.00014108702284979928,
            -0.00018719621051311694,
            -0.21157372989682452
          ]
        ],
        "reprojectionError": 0.03381778304651446
      },
      "Left3": {
        "cameraMatrix": [
          [
            1778.960984345131,
            0.0,
            638.7621896881493
          ],
          [
            0.0,
            1778.7395105896785,
            360.4795287935429
          ],
          [
            0.0,
            0.0,
            1.0
          ]
        ],
        "distortionCoeffs": [
          [
            3.7823006364789365e-05,
            0.03666450838935795,
            0.00010260779194805057,
            -0.00011936678976492923,
            -0.2951455519208444
          ]
        ],
        "reprojectionError": 0.03268730229371575
      },
      "Right1": {
        "cameraMatrix": [
          [
            1777.2554014638602,
            0.0,
            637.3938987142441
          ],
          [
            0.0,
            1777.3022335263624,
            362.06890986157487
          ],
          [
            0.0,
            0.0,
            1.0
          ]
        ],
        "distortionCoeffs": [
          [
            -0.0010031355978208372,
            -0.01194633241279072,
            0.0005408591412150689,
            -0.0004705019664726537,
            0.047987616296608034
          ]
        ],
        "reprojectionError": 0.03233713036543925
      },
      "Right2": {
        "cameraMatrix": [
          [
            1779.4326036950586,
            0.0,
            641.6533809266167
          ],
          [
            0.0,
            1779.5426681942984,
            359.3617186108529
          ],
          [
            0.0,
            0.0,
            1.0
          ]
        ],
        "distortionCoeffs": [
          [
            -0.0065790533752617605,
            0.12123804326991508,
            -8.740686231741194e-05,
            0.0003889001858503847,
            -0.5934778117905382
          ]
        ],
        "reprojectionError": 0.032984031183754585
      },