{
  "meta": {
    "runType": "initial",
    "numPoses": 12,
    "imageDir": "imageset1",
    "cameraIds": [
      "Center",
      "Up1",
      "Up2",
      "Up3",
      "Down1",
      "Down2",
      "Down3",
      "Left1",
      "Left2",
      "Left3",
      "Right1",
      "Right2",
      "Right3"
    ]
  },
  "state": {
    "intrinsics": {
      "Center": {
        "cameraMatrix": [
          [
            1675.32939499615,
            0.0,
            649.175242711652
          ],
          [
            0.0,
            1676.1428498251141,
            357.90570315550076
          ],
          [
            0.0,
            0.0,
            1.0
          ]
        ],
        "distortionCoeffs": [
          [
            -0.09931162831475107,
            1.714190863683828,
            -0.0026044451973328995,
            0.005644658048057729,
            -12.054068358028223
          ]
        ],
        "reprojectionError": 0.2233315149659987
      },
      "Up1": {
        "cameraMatrix": [
          [
            1659.4030320980196,
            0.0,
            660.265180822705
          ],
          [
            0.0,
            1660.7122564610486,
            364.30905838635044
          ],
          [
            0.0,
            0.0,
            1.0
          ]
        ],
        "distortionCoeffs": [
          [
            -0.11881223640800737,
            1.903692415831711,
            -0.0011188922014653093,
            0.007593709194947533,
            -12.81944478062015
          ]
        ],
        "reprojectionError": 0.24425712202481986
      },
      "Up2": {
        "cameraMatrix": [
          [
            1659.2839575999678,
            0.0,
            657.0599077254411
          ],
          [
            0.0,
            1660.4267830175538,
            420.27840949129774
          ],
          [
            0.0,
            0.0,
            1.0
          ]
        ],
        "distortionCoeffs": [
          [
            -0.1725019401436754,
            2.939209661325718,
            0.008784993302985938,
            0.007116371404915749,
            -19.188795753566314
          ]
        ],
        "reprojectionError": 0.2647108241882677
      },
      "Up3": {
        "cameraMatrix": [
          [
            1627.9311431340423,
            0.0,
            658.774537135816
          ],
          [
            0.0,
            1630.0123441914468,
            432.78037155925585
          ],
          [
            0.0,
            0.0,
            1.0
          ]
        ],
        "distortionCoeffs": [
          [
            -0.19217059644692486,
            3.0813667789091994,
            0.010372252330472658,
            0.00755577908926365,
            -19.55938376207032
          ]
        ],
        "reprojectionError": 0.32015464774549224
      },
      "Down1": {
        "cameraMatrix": [
          [
            1677.6100333088677,
            0.0,
            628.7493843004846
          ],
          [
            0.0,
            1676.4564208136348,
            385.4456371007482
          ],
          [
            0.0,
            0.0,
            1.0
          ]
        ],
        "distortionCoeffs": [
          [
            -0.045571594065416304,
            -0.07096067826380426,
            0.0018857023350766556,
            0.0026669764810120147,
            0.37071692681535146
          ]
        ],
        "reprojectionError": 0.20949548998820292
      },
      "Down2": {
        "cameraMatrix": [
          [
            1683.9163311357138,
            0.0,
            619.7018635813375
          ],
          [
            0.0,
            1683.371357988266,
            379.1089996175698
          ],
          [
            0.0,
            0.0,
            1.0
          ]
        ],
        "distortionCoeffs": [
          [
            -0.03795897143603463,
            -0.1410860177831515,
            0.0009072104690156556,
            0.0008869821512195383,
            0.7770463977108333
          ]
        ],
        "reprojectionError": 0.1791221960428295
      },
      "Down3": {
        "cameraMatrix": [
          [
            1705.8357056052548,
            0.0,
            621.8858827867542
          ],
          [
            0.0,
            1703.2859072136212,
            378.27621448816535
          ],
          [
            0.0,
            0.0,
            1.0
          ]
        ],
        "distortionCoeffs": [
          [
            -0.03533732754212764,
            -0.07147181662292283,
            0.0008437037937076886,
            0.0009199778098652638,
            0.4134806188782075
          ]
        ],
        "reprojectionError": 0.166081524269446
      },
      "Left1": {
        "cameraMatrix": [
          [
            1657.0352902822087,
            0.0,
            598.8990974408835
          ],
          [
            0.0,
            1653.5780256875303,
            372.22140704100724
          ],
          [
            0.0,
            0.0,
            1.0
          ]
        ],
        "distortionCoeffs": [
          [
            -0.09114093202716467,
            0.29367553796365115,
            0.0017347132315306461,
            -0.00038748131164787505,
            -0.3326929409854035
          ]
        ],
        "reprojectionError": 0.22917595090026693
      },
      "Left2": {
        "cameraMatrix": [
          [
            1660.1005021648978,
            0.0,
            597.1057708890789
          ],
          [
            0.0,
            1657.231419684227,
            377.520450001834
          ],
          [
            0.0,
            0.0,
            1.0
          ]
        ],
        "distortionCoeffs": [
          [
            -0.12689101954628434,
            0.6991713959776987,
            0.0009481651059349221,
            0.00022134490032825675,
            -1.6416449938145699
          ]
        ],
        "reprojectionError": 0.22734378207610526
      },
      "Left3": {
        "cameraMatrix": [
          [
            1685.3920614664546,
            0.0,
            603.7993742225685
          ],
          [
            0.0,
            1682.4548016628248,
            371.0263388103849
          ],
          [
            0.0,
            0.0,
            1.0
          ]
        ],
        "distortionCoeffs": [
          [
            -0.11386382787587553,
            0.6858661224409661,
            0.0007615257995474734,
            0.0002337259659732627,
            -1.6461719537715105
          ]
        ],
        "reprojectionError": 0.18931786842970935
      },
      "Right1": {
        "cameraMatrix": [
          [
            1644.9603874357927,
            0.0,
            614.4893255701303
          ],
          [
            0.0,
            1642.480185344673,
            356.01238742244533
          ],
          [
            0.0,
            0.0,
            1.0
          ]
        ],
        "distortionCoeffs": [
          [
            -0.09967738620223668,
            1.2318994961365148,
            -0.0018951711080012286,
            0.0007235187394168103,
            -8.11334838203985
          ]
        ],
        "reprojectionError": 0.29856175108833766
      },
      "Right2": {
        "cameraMatrix": [
          [
            1523.2149780334603,
            0.0,
            595.8059026877547
          ],
          [
            0.0,
            1518.4240996360847,
            372.8455955697508
          ],
          [
            0.0,
            0.0,
            1.0
          ]
        ],
        "distortionCoeffs": [
          [
            -0.08601923176062543,
            0.19084682381213533,
            0.0007467086734064318,
            0.0035686906037503754,
            -0.7406869222288305
          ]
        ],
        "reprojectionError": 0.7054672900359626
      },