{
  "meta": {
    "runType": "initial",
    "numPoses": 23,
    "imageDir": "imageset2",
    "cameraIds": [
      "Center",
      "Up1",
      "Up2",
      "Up3",
      "Down1",
      "Down2",
      "Down3",
      "Left1",
      "Left2",
      "Left3",
      "Right1",
      "Right2",
      "Right3"
    ]
  },
  "state": {
    "intrinsics": {
      "Center": {
        "cameraMatrix": [
          [
            1778.9278118896395,
            0.0,
            638.7928013537645
          ],
          [
            0.0,
            1778.8603430031826,
            358.84277820708337
          ],
          [
            0.0,
            0.0,
            1.0
          ]
        ],
        "distortionCoeffs": [
          [
            -0.0031968701268798114,
            0.15235313690961722,
            -9.335720139547936e-05,
            0.00011270892764269824,
            -1.2692705894511223
          ]
        ],
        "reprojectionError": 0.03283395906733699
      },
      "Up1": {
        "cameraMatrix": [
          [
            1778.0006443088453,
            0.0,
            640.619554357839
          ],
          [
            0.0,
            1778.0859939076006,
            355.6818062107368
          ],
          [
            0.0,
            0.0,
            1.0
          ]
        ],
        "distortionCoeffs": [
          [
            0.004418143005843779,
            -0.08357783259763367,
            -0.001033517701999065,
            0.0002281975037546457,
            0.6481537524349815
          ]
        ],
        "reprojectionError": 0.03318323980511383
      },
      "Up2": {
        "cameraMatrix": [
          [
            1777.474420554938,
            0.0,
            639.3575072744787
          ],
          [
            0.0,
            1777.4950131225692,
            359.7644533978663
          ],
          [
            0.0,
            0.0,
            1.0
          ]
        ],
        "distortionCoeffs": [
          [
            -0.003982292376030234,
            0.12906530812004266,
            1.340090610349864e-05,
            -0.0001614719467158378,
            -0.9232344962066452
          ]
        ],
        "reprojectionError": 0.03334168194064857
      },
      "Up3": {
        "cameraMatrix": [
          [
            1779.3110887328335,
            0.0,
            640.3636113182752
          ],
          [
            0.0,
            1779.6551236010346,
            359.5756691972266
          ],
          [
            0.0,
            0.0,
            1.0
          ]
        ],
        "distortionCoeffs": [
          [
            0.00868864219347332,
            -0.12993347617183704,
            -0.0002115275329608665,
            0.00011802636877135582,
            0.7635009913253306
          ]
        ],
        "reprojectionError": 0.033328335666472364
      },
      "Down1": {
        "cameraMatrix": [
          [
            1778.4760023812796,
            0.0,
            640.3122837464987
          ],
          [
            0.0,
            1778.659155423016,
            359.523440240654
          ],
          [
            0.0,
            0.0,
            1.0
          ]
        ],
        "distortionCoeffs": [
          [
            0.003620107825729483,
            0.007251356969882909,
            0.00019366418676293852,
            0.00011238028033695209,
            -0.5224617872885516
          ]
        ],
        "reprojectionError": 0.03189298011187608
      },
      "Down2": {
        "cameraMatrix": [
          [
            1778.055484143599,
            0.0,
            639.3071401767421
          ],
          [
            0.0,
            1778.1419032001263,
            361.7154146855157
          ],
          [
            0.0,
            0.0,
            1.0
          ]
        ],
        "distortionCoeffs": [
          [
            -0.0021608390076255906,
            0.04159199928887997,
            0.0004936225070464253,
            5.6025201432916584e-05,
            -0.28606205594941864
          ]
        ],
        "reprojectionError": 0.032838120714580546
      },
      "Down3": {
        "cameraMatrix": [
          [
            1779.1909589811683,
            0.0,
            639.0034094398432
          ],
          [
            0.0,
            1779.1809732996746,
            360.44961327307453
          ],
          [
            0.0,
            0.0,
            1.0
          ]
        ],
        "distortionCoeffs": [
          [
            0.004362970343936733,
            -0.05724808831294901,
            0.0002843994203307572,
            -0.00013614551559540267,
            0.31124518449443606
          ]
        ],
        "reprojectionError": 0.03253405915745489
      },
      "Left1": {
        "cameraMatrix": [
          [
            1777.260966659024,
            0.0,
            640.5121697487276
          ],
          [
            0.0,
            1777.2695561378966,
            358.4518461464435
          ],
          [
            0.0,
            0.0,
            1.0
          ]
        ],
        "distortionCoeffs": [
          [
            -0.00367947077625854,
            0.041060742689258654,
            -4.176884454274317e-05,
            0.00022046286529984563,
            -0.15258435617859323
          ]
        ],
        "reprojectionError": 0.032721632124598665
      },
      "Left2": {
        "cameraMatrix": [
          [
            1778.1358061076273,
            0.0,
            637.2512050738419
          ],
          [
            0.0,
            1778.0657814954725,
            359.56790262344714
          ],
          [
            0.0,
            0.0,
            1.0
          ]
        ],
        "distortionCoeffs": [
          [
            0.00033649430176026565,
            0.014634588427230002,
            -0.0001411137828938512,
            -0.0001872313718276929,
            -0.21159272790109962
          ]
        ],
        "reprojectionError": 0.03381772427449883
      },
      "Left3": {
        "cameraMatrix": [
          [
            1778.9610332699115,
            0.0,
            638.7620828869825
          ],
          [
            0.0,
            1778.73951700683,
            360.479628017776
          ],
          [
            0.0,
            0.0,
            1.0
          ]
        ],
        "distortionCoeffs": [
          [
            3.792138534686576e-05,
            0.03666506592862171,
            0.00010259379547253326,
            -0.0001194227424546798,
            -0.2951609534727972
          ]
        ],
        "reprojectionError": 0.03268717433457193
      },
      "Right1": {
        "cameraMatrix": [
          [
            1777.255409028539,
            0.0,
            637.3938770367117
          ],
          [
            0.0,
            1777.3022464697733,
            362.06887076485907
          ],
          [
            0.0,
            0.0,
            1.0
          ]
        ],
        "distortionCoeffs": [
          [
            -0.0010034434042484142,
            -0.011942618834419196,
            0.0005408135121110851,
            -0.0004705433666739578,
            0.04797570276421088
          ]
        ],
        "reprojectionError": 0.032337125661926945
      },
      "Right2": {
        "cameraMatrix": [
          [
            1779.432612120276,
            0.0,
            641.6533466645747
          ],
          [
            0.0,
            1779.5426757552993,
            359.3616187232499
          ],
          [
            0.0,
            0.0,
            1.0
          ]
        ],
        "distortionCoeffs": [
          [
            -0.006579541683292964,
            0.12124542835843714,
            -8.747108630623815e-05,
            0.0003888516524722636,
            -0.5935181344007663
          ]
        ],
        "reprojectionError": 0.03298419222261642
      },