{
  "meta": {
    "runType": "initial",
    "numPoses": 33,
    "imageDir": "imageset2",
    "cameraIds": [
      "Center",
      "Up1",
      "Up2",
      "Up3",
      "Down1",
      "Down2",
      "Down3",
      "Left1",
      "Left2",
      "Left3",
      "Right1",
      "Right2",
      "Right3"
    ],
    "bundleAdjust": true
  },
  "state": {
    "intrinsics": {
      "Center": {
        "cameraMatrix": [
          [
            1778.9580921356794,
            0.0,
            638.7004447319024
          ],
          [
            0.0,
            1778.9598500312209,
            358.6540903687306
          ],
          [
            0.0,
            0.0,
            1.0
          ]
        ],
        "distortionCoeffs": [
          [
            -0.0006597073423882705,
            0.05261913354789937,
            -0.00013453690344103096,
            0.00010309705725080545,
            -0.3922515605010495
          ]
        ],
        "reprojectionError": 0.032656991553408544
      },
      "Up1": {
        "cameraMatrix": [
          [
            1778.200932232529,
            0.0,
            640.1643174589778
          ],
          [
            0.0,
            1778.253497743669,
            355.7887738652421
          ],
          [
            0.0,
            0.0,
            1.0
          ]
        ],
        "distortionCoeffs": [
          [
            0.000984932201688075,
            -0.012276671561634492,
            -0.0009350518881287151,
            0.00022085777384625092,
            0.08116875684102506
          ]
        ],
        "reprojectionError": 0.03294645705839084
      },
      "Up2": {
        "cameraMatrix": [
          [
            1777.6535924958653,
            0.0,
            639.8958314626935
          ],
          [
            0.0,
            1777.6204635958698,
            359.187387091227
          ],
          [
            0.0,
            0.0,
            1.0
          ]
        ],
        "distortionCoeffs": [
          [
            -0.003071279979201553,
            0.10714176696580566,
            -9.380682130148409e-05,
            -6.936914900545406e-05,
            -0.774703920733811
          ]
        ],
        "reprojectionError": 0.032842264910098215
      },
      "Up3": {
        "cameraMatrix": [
          [
            1779.184574585685,
            0.0,
            640.166519839107
          ],
          [
            0.0,
            1779.4538521989525,
            359.4529792553614
          ],
          [
            0.0,
            0.0,
            1.0
          ]
        ],
        "distortionCoeffs": [
          [
            0.006684481887576803,
            -0.10049443470859493,
            -0.00015173401549372752,
            0.00010777106730322489,
            0.5802191669791809
          ]
        ],
        "reprojectionError": 0.03306134916045857
      },
      "Down1": {
        "cameraMatrix": [
          [
            1778.4734397271438,
            0.0,
            640.4574097568201
          ],
          [
            0.0,
            1778.6459978961311,
            359.9435485701795
          ],
          [
            0.0,
            0.0,
            1.0
          ]
        ],
        "distortionCoeffs": [
          [
            0.004124433915892805,
            -0.026468055376429708,
            0.0003030332678708661,
            0.00015350976651950306,
            -0.07785777898998104
          ]
        ],
        "reprojectionError": 0.03202167087251357
      },
      "Down2": {
        "cameraMatrix": [
          [
            1778.2940965125647,
            0.0,
            639.4957097492511
          ],
          [
            0.0,
            1778.359462242183,
            361.50026121513287
          ],
          [
            0.0,
            0.0,
            1.0
          ]
        ],
        "distortionCoeffs": [
          [
            -0.002081723167273994,
            0.0330095886206832,
            0.0004098088461354982,
            0.00011482118107770335,
            -0.1995558800711549
          ]
        ],
        "reprojectionError": 0.03270894166365483
      },
      "Down3": {
        "cameraMatrix": [
          [
            1778.801509107468,
            0.0,
            639.3009407824679
          ],
          [
            0.0,
            1778.9351216539192,
            360.7067009390295
          ],
          [
            0.0,
            0.0,
            1.0
          ]
        ],
        "distortionCoeffs": [
          [
            0.003174759240372684,
            -0.027006039767019468,
            0.0003787818536816835,
            -7.285722119703879e-05,
            0.12098145607602799
          ]
        ],
        "reprojectionError": 0.03262671647560979
      },
      "Left1": {
        "cameraMatrix": [
          [
            1777.241748829453,
            0.0,
            640.7093232882864
          ],
          [
            0.0,
            1777.282791657689,
            358.41506894683926
          ],
          [
            0.0,
            0.0,
            1.0
          ]
        ],
        "distortionCoeffs": [
          [
            -0.0021595029726641122,
            -0.0071684519715578794,
            -5.8127535070162596e-05,
            0.0002700201603220899,
            0.23694149875117942
          ]
        ],
        "reprojectionError": 0.03264027795027647
      },
      "Left2": {
        "cameraMatrix": [
          [
            1778.2580063610644,
            0.0,
            637.4424835797963
          ],
          [
            0.0,
            1778.2428353981454,
            359.8187460818333
          ],
          [
            0.0,
            0.0,
            1.0
          ]
        ],
        "distortionCoeffs": [
          [
            0.0016278398292581169,
            -0.016687262634540647,
            -5.4943862339717346e-05,
            -0.0001480991921211879,
            -0.005225792233213938
          ]
        ],
        "reprojectionError": 0.03333680751300382
      },
      "Left3": {
        "cameraMatrix": [
          [
            1778.8661291656895,
            0.0,
            638.3855165875791
          ],
          [
            0.0,
            1778.6856668330595,
            360.78015179024106
          ],
          [
            0.0,
            0.0,
            1.0
          ]
        ],
        "distortionCoeffs": [
          [
            0.0017563349415247568,
            -0.012281535106888298,
            0.00017273364205641536,
            -0.0001380631839612177,
            0.033194641499189555
          ]
        ],
        "reprojectionError": 0.03252922371593778
      },
      "Right1": {
        "cameraMatrix": [
          [
            1777.3504913527881,
            0.0,
            637.9226811001209
          ],
          [
            0.0,
            1777.350446689595,
            361.76102845077173
          ],
          [
            0.0,
            0.0,
            1.0
          ]
        ],
        "distortionCoeffs": [
          [
            0.00015234230285521972,
            -0.01669009946277017,
            0.00043670478327875864,
            -0.0004097412677918862,
            0.05108732193403203
          ]
        ],
        "reprojectionError": 0.032322807573129074
      },
      "Right2": {
        "cameraMatrix": [
          [
            1779.2491036844567,
            0.0,
            641.54410896904
          ],
          [
            0.0,
            1779.38107346671,
            359.37681481062856
          ],
          [
            0.0,
            0.0,
            1.0
          ]
        ],
        "distortionCoeffs": [
          [
            -0.003506553836767033,
            0.06444542126646131,
            -9.192042467833944e-05,
            0.00033901697737817165,
            -0.29891231984677125
          ]
        ],
        "reprojectionError": 0.03284557315697109
      },